{
    "__comment": "Model generated using MrCrayfish's Model Creator (https://mrcrayfish.com/tools?id=mc)",
    "textures": {
        "birch_planks": "minecraft:block/birch_planks",
        "yellow_concrete": "minecraft:block/yellow_concrete"
    },
    "display": {
        "gui": {
            "rotation": [ 30, 45, 0 ],
            "translation": [ 0, 0, 0 ],
            "scale": [ 0.625, 0.625, 0.625 ]
        },
        "ground": {
            "rotation": [ 0, 0, 0 ],
            "translation": [ 0, 3, 0 ],
            "scale": [ 0.25, 0.25, 0.25 ]
        },
        "fixed": {
            "rotation": [ 0, 180, 0 ],
            "translation": [ 0, 0, 0 ],
            "scale": [ 1, 1, 1 ]
        },
        "head": {
            "rotation": [ 0, 180, 0 ],
            "translation": [ 0, 0, 0 ],
            "scale": [ 1, 1, 1 ]
        },
        "firstperson_righthand": {
            "rotation": [ 0, 288, 0 ],
            "translation": [ 0, 3.5, 0 ],
            "scale": [ 0.4, 0.4, 0.4 ]
        },
        "thirdperson_righthand": {
            "rotation": [ 0, 315, 0 ],
            "translation": [ 0, 3.5, 2 ],
            "scale": [ 0.375, 0.375, 0.375 ]
        }
    },
    "elements": [
        {
            "name": "Cube",
            "from": [ 3, 0, 3 ], 
            "to": [ 13, 10, 13 ], 
            "faces": {
                "north": { "texture": "#yellow_concrete", "uv": [ 0, 0, 10, 10 ] },
                "east": { "texture": "#yellow_concrete", "uv": [ 0, 0, 10, 10 ] },
                "south": { "texture": "#yellow_concrete", "uv": [ 0, 0, 10, 10 ] },
                "west": { "texture": "#yellow_concrete", "uv": [ 0, 0, 10, 10 ] },
                "up": { "texture": "#yellow_concrete", "uv": [ 0, 0, 10, 10 ] }
            }
        },
        {
            "name": "Cube",
            "from": [ 2, 0, 2 ], 
            "to": [ 14, 1, 14 ], 
            "faces": {
                "north": { "texture": "#birch_planks", "uv": [ 0, 0, 12, 1 ] },
                "east": { "texture": "#birch_planks", "uv": [ 0, 0, 12, 1 ] },
                "south": { "texture": "#birch_planks", "uv": [ 0, 0, 12, 1 ] },
                "west": { "texture": "#birch_planks", "uv": [ 0, 0, 12, 1 ] },
                "up": { "texture": "#birch_planks", "uv": [ 0, 0, 12, 12 ] },
                "down": { "texture": "#birch_planks", "uv": [ 0, 0, 12, 12 ] }
            }
        }
    ]
}